Date,AccountID,Custom,Earnings
8/1/2018 12:00:00 AM,637304,_pb-b1_cp-335315488_ag-1222657125458750_dv-c_kw-kwd-76416208854192:loc-4126__p1var-e_p2var-b_,0
8/1/2018 12:00:00 AM,637304,_pb-b1_cp-335315490_ag-1212761520326981_dv-c_kw-kwd-75797733772188:loc-4109__p1var-e_p2var-b_,0
8/1/2018 12:00:00 AM,637304,_pb-b1_cp-335315492_ag-1211662009016164_dv-c_kw-kwd-75729014439120:loc-4100__p1var-e_p2var-b_,4.6
8/1/2018 12:00:00 AM,637304,_pb-b1_cp-335315492_ag-1211662009016164_dv-c_kw-kwd-75729014439121:loc-4089__p1var-e_p2var-b_,0
8/1/2018 12:00:00 AM,637304,_pb-b1_cp-335315494_ag-1218259078972362_dv-m_kw-kwd-76141330444268:loc-4084__p1var-e_p2var-b_,15.552
8/1/2018 12:00:00 AM,637304,_pb-b1_cp-335315496_ag-1208363473991281_dv-m_kw-kwd-75522855765900:loc-190__p1var-e_p2var-b_,0
8/1/2018 12:00:00 AM,637304,_pb-b1_cp-335315496_ag-1208363473991281_dv-m_kw-kwd-75522855765900:loc-4110__p1var-e_p2var-b_,17.328
8/1/2018 12:00:00 AM,637304,_pb-b1_cp-335315497_ag-1223756636772655_dv-m_kw-kwd-76484928656658:loc-4090__p1var-e_p2var-b_,0
8/1/2018 12:00:00 AM,637304,_pb-b1_cp-335315499_ag-1208363473991345_dv-m_kw-kwd-75522855766437:loc-4084__p1var-e_p2var-b_,1.6
8/1/2018 12:00:00 AM,637304,_pb-b1_cp-335315500_ag-1210562497251859_dv-m_kw-kwd-75660294695278:loc-4089__p1var-e_p2var-b_,0
8/1/2018 12:00:00 AM,637304,_pb-b1_cp-335315501_ag-1222657125458782_dv-m_kw-kwd-76416208854391:loc-4095__p1var-i_p2var-b_,0
8/1/2018 12:00:00 AM,637304,_pb-b1_cp-335315501_ag-1223756636772671_dv-m_kw-kwd-76484928656700:loc-4104__p1var-i_p2var-b_,0
8/1/2018 12:00:00 AM,637304,_pb-b1_cp-335315501_ag-1223756636772671_dv-m_kw-kwd-76484928656739:loc-190__p1var-e_p2var-b_,3.6
8/1/2018 12:00:00 AM,637304,_pb-b1_cp-335315501_ag-1223756636772671_dv-m_kw-kwd-76484928656756:loc-4095__p1var-i_p2var-b_,0
8/1/2018 12:00:00 AM,637304,_pb-g1_cp-1401083889_ag-59291806950_dv-c_ap-1o3_kw-kwd-449750371857__p1var-e_p2var-b_,0
8/1/2018 12:00:00 AM,637304,_pb-g1_cp-1401083889_ag-59291806950_dv-c_ap-1t3_kw-kwd-389914052302__p1var-e_p2var-b_,0
8/1/2018 12:00:00 AM,637304,_pb-g1_cp-1401083889_ag-59291806950_dv-c_ap-1t4_kw-kwd-389914052302__p1var-e_p2var-b_,0
8/1/2018 12:00:00 AM,637304,_pb-g1_cp-1406058943_ag-54995335906_dv-m_ap-1t2_kw-kwd-447535020682__p1var-e_p2var-b_,3.832
8/1/2018 12:00:00 AM,637314,_pb-b1_cp-335315499_ag-1222657125458798_dv-m_kw-kwd-76416208854443:loc-190__p1var-e_p2var-b_,2.448
8/1/2018 12:00:00 AM,637314,_pb-b1_cp-335315499_ag-1222657125458798_dv-m_kw-kwd-76416208854443:loc-4095__p1var-e_p2var-b_,4.08
8/1/2018 12:00:00 AM,637314,_pb-b1_cp-335315499_ag-1222657125458798_dv-m_kw-kwd-76416208854455:loc-4098__p1var-e_p2var-b_,3.2
8/1/2018 12:00:00 AM,640235,_pb-b1_cp-335285392_ag-1217159556394777_dv-m__kw-kwd-76072607224670:loc-4123__p1var-h_p2var-b_,2.1204
8/1/2018 12:00:00 AM,640235,_pb-b1_cp-335285392_ag-1217159556394777_dv-m__kw-kwd-76072607224685:loc-4090__p1var-h_p2var-b_,0
8/1/2018 12:00:00 AM,640235,_pb-b1_cp-335285396_ag-1208363463385825_dv-m__kw-kwd-75522850732742:loc-4089__p1var-i_p2var-b_,10.6485
8/1/2018 12:00:00 AM,640235,_pb-b1_cp-335285396_ag-1209462974855730_dv-m__kw-kwd-75591570843785:loc-4084__p1var-i_p2var-b_,2.4459
8/1/2018 12:00:00 AM,640235,_pb-b1_cp-335285399_ag-1214960532947143_dv-m__kw-kwd-75935168058244:loc-4126__p1var-h_p2var-b_,1.1625
8/1/2018 12:00:00 AM,640235,_pb-b1_cp-335285399_ag-1214960532947143_dv-m__kw-kwd-75935168058307:loc-4086__p1var-h_p2var-b_,5.4498
8/1/2018 12:00:00 AM,640235,_pb-g1_cp-1368103409_ag-53463727086_dv-m_ap-1o2_kw-kwd-307164751083__p1var-h_p2var-b_,3.2736
8/1/2018 12:00:00 AM,640235,_pb-g1_cp-1368103409_ag-53463727086_dv-m_ap-1t3_kw-kwd-307164755923__p1var-h_p2var-b_,3.1713
8/1/2018 12:00:00 AM,640235,_pb-g1_cp-1368103886_ag-53463729046_dv-m_ap-1t4_kw-kwd-306022934390__p1var-h_p2var-b_,2.2785
8/1/2018 12:00:00 AM,640235,_pb-g1_cp-1368304006_ag-58286361287_dv-m_ap-1t1_kw-kwd-442694797104__p1var-i_p2var-b_,0
8/1/2018 12:00:00 AM,640235,_pb-g1_cp-1368304006_ag-58286361287_dv-m_ap-1t1_kw-kwd-442694813904__p1var-i_p2var-b_,4.7895
8/1/2018 12:00:00 AM,640235,_pb-g1_cp-1368304060_ag-52124406862_dv-m_ap-1o1_kw-kwd-441921063282__p1var-h_p2var-b_,1.3764
8/1/2018 12:00:00 AM,640235,_pb-g1_cp-1368304483_ag-57183840600_dv-m_ap-1t2_kw-kwd-436815063836__p1var-i_p2var-b_,1.1625
8/1/2018 12:00:00 AM,640235,_pb-g1_cp-1368304483_ag-57183840600_dv-m_ap-1t3_kw-kwd-364674407510__p1var-h_p2var-b_,0
8/1/2018 12:00:00 AM,640235,_pb-g1_cp-1368304483_ag-57183840600_dv-m_ap-2t4_kw-kwd-435146868199__p1var-h_p2var-b_,0
8/1/2018 12:00:00 AM,640235,_pb-g1_cp-1368304483_ag-57183840600_dv-m_ap-3o3_kw-kwd-435146876319__p1var-i_p2var-b_,1.4973
8/1/2018 12:00:00 AM,640235,_pb-g1_cp-1368567336_ag-52124404742_dv-m_ap-1t2_kw-kwd-442694794264__p1var-i_p2var-b_,4.3152
8/1/2018 12:00:00 AM,640235,_pb-g1_cp-1368567336_ag-52124404742_dv-m_ap-1t2_kw-kwd-442694798304__p1var-i_p2var-b_,0
8/1/2018 12:00:00 AM,640235,_pb-g1_cp-1368567519_ag-52124404542_dv-m_ap-1t1_kw-kwd-442694803384__p1var-i_p2var-b_,1.4043
8/1/2018 12:00:00 AM,640235,_pb-g1_cp-1368567519_ag-52124404542_dv-m_ap-1t4_kw-kwd-442694814184__p1var-i_p2var-b_,0
8/1/2018 12:00:00 AM,640236,_pb-b1_cp-335285377_ag-1207263951916800_dv-c__kw-kwd-75454131332263:loc-4089__p1var-h_p2var-b_,1.9623
8/1/2018 12:00:00 AM,640236,_pb-b1_cp-335285379_ag-1222657114848094_dv-c__kw-kwd-76416204071477:loc-4080__p1var-h_p2var-b_,0
8/1/2018 12:00:00 AM,640236,_pb-b1_cp-335285380_ag-1220458091123548_dv-c__kw-kwd-76278766453040:loc-4117__p1var-h_p2var-b_,3.6735
8/1/2018 12:00:00 AM,640236,_pb-b1_cp-335285380_ag-1220458091123548_dv-c__kw-kwd-76278766453063:loc-4123__p1var-h_p2var-b_,2.046
8/1/2018 12:00:00 AM,640236,_pb-b1_cp-335285380_ag-1220458091123548_dv-c__kw-kwd-76278766453071:loc-4089__p1var-h_p2var-b_,2.9667
8/1/2018 12:00:00 AM,640236,_pb-b1_cp-335285380_ag-1220458091123548_dv-c__kw-kwd-76278766453071:loc-4111__p1var-h_p2var-b_,0
8/1/2018 12:00:00 AM,640236,_pb-b1_cp-335285380_ag-1220458091123548_dv-c__kw-kwd-76278766453071:loc-4125__p1var-h_p2var-b_,28.0395
8/1/2018 12:00:00 AM,640236,_pb-b1_cp-335285380_ag-1220458091123548_dv-c__kw-kwd-76278766453071:loc-4126__p1var-h_p2var-b_,10.8903
8/1/2018 12:00:00 AM,640236,_pb-b1_cp-335285380_ag-1220458091123548_dv-c__kw-kwd-76278766453079:loc-4126__p1var-h_p2var-b_,30.0948
8/1/2018 12:00:00 AM,640236,_pb-b1_cp-335285380_ag-1220458091123548_dv-c__kw-kwd-76278766453086:loc-4126__p1var-h_p2var-b_,4.836
8/1/2018 12:00:00 AM,640236,_pb-b1_cp-335285381_ag-1219358579821243_dv-c__kw-kwd-76210045543421:loc-4098__p1var-h_p2var-b_,0
8/1/2018 12:00:00 AM,640236,_pb-b1_cp-335285381_ag-1219358579821243_dv-c__kw-kwd-76210045543605:loc-4098__p1var-h_p2var-b_,12.1272
8/1/2018 12:00:00 AM,640236,_pb-b1_cp-335285387_ag-1212761509718709_dv-c__kw-kwd-75797728769304:loc-4113__p1var-h_p2var-b_,13.8756
8/1/2018 12:00:00 AM,640236,_pb-b1_cp-335285387_ag-1213861021635142_dv-c__kw-kwd-75866448513757:loc-4089__p1var-h_p2var-b_,5.3475
8/1/2018 12:00:00 AM,640236,_pb-b1_cp-335285387_ag-1213861021635142_dv-c__kw-kwd-75866448513795:loc-4103__p1var-h_p2var-b_,59.52
8/1/2018 12:00:00 AM,640236,_pb-b1_cp-335285387_ag-1213861021635142_dv-c__kw-kwd-75866448513803:loc-4083__p1var-i_p2var-b_,0
8/1/2018 12:00:00 AM,640236,_pb-g1_cp-1344834416_ag-62470998228_dv-c_ap-1t4_kw-kwd-441921069282__p1var-i_p2var-b_,9.7464
8/1/2018 12:00:00 AM,640236,_pb-g1_cp-1345431075_ag-60836499104_dv-c_ap-1o2_kw-kwd-307164751083__p1var-h_p2var-b_,7.161
8/1/2018 12:00:00 AM,640236,_pb-g1_cp-1345433445_ag-54134008775_dv-c_ap-1t7_kw-kwd-406866453003__p1var-h_p2var-b_,0
8/1/2018 12:00:00 AM,640236,_pb-g1_cp-1345629013_ag-62470773308_dv-c_ap-1o1_kw-kwd-442694809624__p1var-h_p2var-b_,0
8/1/2018 12:00:00 AM,640236,_pb-g1_cp-1345630957_ag-56756322929_dv-c_ap-1t4_kw-kwd-379294725004__p1var-i_p2var-b_,22.4688
8/1/2018 12:00:00 AM,640236,_pb-g1_cp-1345633801_ag-52418437605_dv-c_ap-1o1_kw-kwd-465015419684__p1var-h_p2var-b_,0
8/1/2018 12:00:00 AM,640236,_pb-g1_cp-1345633801_ag-56729130471_dv-c_ap-1s5_kw-kwd-435218226602__p1var-i_p2var-b_,3.2643
8/1/2018 12:00:00 AM,640236,unknown_p1var-h_p2var-b_,1.7763
8/2/2018 12:00:00 AM,637304,_pb-b1_cp-335315486_ag-1222657125458718_dv-c_kw-kwd-76416208854087:loc-4088__p1var-e_p2var-b_,5.32
8/2/2018 12:00:00 AM,637304,_pb-b1_cp-335315488_ag-1221557613674221_dv-c_kw-kwd-76347488784131:loc-4084__p1var-e_p2var-b_,0
8/2/2018 12:00:00 AM,637304,_pb-b1_cp-335315488_ag-1221557613674221_dv-c_kw-kwd-76347488784228:loc-4117__p1var-e_p2var-b_,0
8/2/2018 12:00:00 AM,637304,_pb-b1_cp-335315488_ag-1222657125458750_dv-c_kw-kwd-76416208854244:loc-4098__p1var-e_p2var-b_,3.6
8/2/2018 12:00:00 AM,637304,_pb-b1_cp-335315496_ag-1208363473991281_dv-m_kw-kwd-75522855765900:loc-4099__p1var-e_p2var-b_,25.984
8/2/2018 12:00:00 AM,637304,_pb-b1_cp-335315497_ag-1207263962524960_dv-m_kw-kwd-75454136146594:loc-190__p1var-e_p2var-b_,4.8
8/2/2018 12:00:00 AM,637304,_pb-b1_cp-335315497_ag-1223756636772655_dv-m_kw-kwd-76484928656658:loc-4090__p1var-e_p2var-b_,0
8/2/2018 12:00:00 AM,637304,_pb-b1_cp-335315499_ag-1207263962524992_dv-m_kw-kwd-75454136147283:loc-4123__p1var-e_p2var-b_,1.776
8/2/2018 12:00:00 AM,637304,_pb-b1_cp-335315499_ag-1223756636772687_dv-m_kw-kwd-76484928656803:loc-4099__p1var-e_p2var-b_,0
8/2/2018 12:00:00 AM,637304,_pb-b1_cp-335315500_ag-1209462985460866_dv-m_kw-kwd-75591575823149:loc-4100__p1var-e_p2var-b_,4.8
8/2/2018 12:00:00 AM,637304,_pb-g1_cp-1406058943_ag-54569622399_dv-m_ap-1t3_kw-kwd-447535045362__p1var-e_p2var-b_,9.952
8/2/2018 12:00:00 AM,637304,_pb-g1_cp-1406058943_ag-54569622399_dv-m_ap-1t4_kw-kwd-447535022282__p1var-e_p2var-b_,0
8/2/2018 12:00:00 AM,637304,_pb-g1_cp-1406060569_ag-56156721835_dv-m_ap-1t4_kw-kwd-351026901593__p1var-e_p2var-b_,2
8/2/2018 12:00:00 AM,637304,_pb-g1_cp-1406060569_ag-56898658033_dv-m_ap-1t2_kw-kwd-446983404230__p1var-e_p2var-b_,0
8/2/2018 12:00:00 AM,637304,_pb-g1_cp-1406060569_ag-56898658033_dv-m_ap-1t3_kw-kwd-348346035782__p1var-e_p2var-b_,0
8/2/2018 12:00:00 AM,637304,_pb-g1_cp-1406060569_ag-56956603338_dv-m_ap-1o3_kw-kwd-449750371857__p1var-e_p2var-b_,0.768
8/2/2018 12:00:00 AM,637304,_pb-g1_cp-1406060569_ag-56956603338_dv-m_ap-1t4_kw-kwd-449750371857__p1var-e_p2var-b_,1.096
8/2/2018 12:00:00 AM,637314,_pb-b1_cp-335315499_ag-1222657125458798_dv-m_kw-kwd-76416208854422:loc-4084__p1var-e_p2var-b_,0
8/2/2018 12:00:00 AM,637314,_pb-b1_cp-335315499_ag-1222657125458798_dv-m_kw-kwd-76416208854443:loc-190__p1var-e_p2var-b_,0.72
8/2/2018 12:00:00 AM,637314,_pb-b1_cp-335315499_ag-1222657125458798_dv-m_kw-kwd-76416208854443:loc-4113__p1var-e_p2var-b_,0
8/2/2018 12:00:00 AM,637314,_pb-b1_cp-335315499_ag-1222657125458798_dv-m_kw-kwd-76416208854443:loc-4126__p1var-e_p2var-b_,0
8/2/2018 12:00:00 AM,637314,_pb-b1_cp-335315499_ag-1222657125458798_dv-m_kw-kwd-76416208854443:loc-59981__p1var-e_p2var-b_,5.648
8/2/2018 12:00:00 AM,637314,_pb-b1_cp-335315499_ag-1222657125458798_dv-m_kw-kwd-76416208854455:loc-190__p1var-e_p2var-b_,2.448
8/2/2018 12:00:00 AM,637314,_pb-b1_cp-335315499_ag-1222657125458798_dv-m_kw-kwd-76416208854455:loc-4084__p1var-e_p2var-b_,7.6
8/2/2018 12:00:00 AM,640235,_pb-b1_cp-335285392_ag-1217159556394777_dv-m__kw-kwd-76072607224666:loc-4101__p1var-h_p2var-b_,1.7763
8/2/2018 12:00:00 AM,640235,_pb-b1_cp-335285392_ag-1217159556394777_dv-m__kw-kwd-76072607224675:loc-4125__p1var-h_p2var-b_,0
8/2/2018 12:00:00 AM,640235,_pb-b1_cp-335285396_ag-1208363463385825_dv-m__kw-kwd-75522850732856:loc-4089__p1var-i_p2var-b_,1.581
8/2/2018 12:00:00 AM,640235,_pb-g1_cp-1368103409_ag-53463727086_dv-m_ap-1t2_kw-kwd-307468697481__p1var-h_p2var-b_,4.9569
8/2/2018 12:00:00 AM,640235,_pb-g1_cp-1368103409_ag-53463727086_dv-m_ap-1t4_kw-kwd-307164755923__p1var-h_p2var-b_,1.4508
8/2/2018 12:00:00 AM,640235,_pb-g1_cp-1368103886_ag-53463729046_dv-m_ap-1t4_kw-kwd-442694794944__p1var-h_p2var-b_,0
8/2/2018 12:00:00 AM,640235,_pb-g1_cp-1368304252_ag-54704519436_dv-m_ap-1t3_kw-kwd-308697891795__p1var-h_p2var-b_,1.302
8/2/2018 12:00:00 AM,640235,_pb-g1_cp-1368304483_ag-57183840600_dv-m_ap-1o1_kw-kwd-435146862679__p1var-i_p2var-b_,1.86
8/2/2018 12:00:00 AM,640235,_pb-g1_cp-1368304483_ag-57183840600_dv-m_ap-1s1_kw-kwd-436815063836__p1var-i_p2var-b_,0
8/2/2018 12:00:00 AM,640235,_pb-g1_cp-1368304483_ag-57183840600_dv-m_ap-8o1_kw-kwd-436815053436__p1var-i_p2var-b_,0
8/2/2018 12:00:00 AM,640235,_pb-g1_cp-1368304483_ag-57387446089_dv-m_ap-6o3_kw-kwd-435146879719__p1var-i_p2var-b_,2.2785
8/2/2018 12:00:00 AM,640235,_pb-g1_cp-1368304483_ag-57387511569_dv-m_ap-1t2_kw-kwd-305388200307__p1var-h_p2var-b_,0
8/2/2018 12:00:00 AM,640235,_pb-g1_cp-1368567336_ag-52124404742_dv-m_ap-1t2_kw-kwd-442694798304__p1var-i_p2var-b_,0
8/2/2018 12:00:00 AM,640235,_pb-g1_cp-1368567336_ag-52124404742_dv-m_ap-1t4_kw-kwd-442694793344__p1var-i_p2var-b_,0
8/2/2018 12:00:00 AM,640235,_pb-g1_cp-1368567483_ag-57474088794_dv-m_ap-1o2_kw-kwd-441921069962__p1var-i_p2var-b_,1.7763
8/2/2018 12:00:00 AM,640235,_pb-g1_cp-1368567597_ag-60127486928_dv-m_ap-1o2_kw-kwd-436821671436__p1var-i_p2var-b_,1.488
8/2/2018 12:00:00 AM,640236,_pb-b1_cp-335285377_ag-1207263951916800_dv-c__kw-kwd-75454131332265:loc-61616__p1var-h_p2var-b_,5.4312
8/2/2018 12:00:00 AM,640236,_pb-b1_cp-335285380_ag-1220458091123548_dv-c__kw-kwd-76278766453044:loc-4090__p1var-h_p2var-b_,15.8937
8/2/2018 12:00:00 AM,640236,_pb-b1_cp-335285380_ag-1220458091123548_dv-c__kw-kwd-76278766453071:loc-4081__p1var-h_p2var-b_,6.3054
8/2/2018 12:00:00 AM,640236,_pb-b1_cp-335285380_ag-1220458091123548_dv-c__kw-kwd-76278766453071:loc-4084__p1var-h_p2var-b_,8.5932
8/2/2018 12:00:00 AM,640236,_pb-b1_cp-335285380_ag-1220458091123548_dv-c__kw-kwd-76278766453071:loc-4095__p1var-h_p2var-b_,0
8/2/2018 12:00:00 AM,640236,_pb-b1_cp-335285380_ag-1220458091123548_dv-c__kw-kwd-76278766453071:loc-4117__p1var-h_p2var-b_,4.1385
8/2/2018 12:00:00 AM,640236,_pb-b1_cp-335285380_ag-1220458091123548_dv-c__kw-kwd-76278766453071:loc-4119__p1var-h_p2var-b_,12.1086
8/2/2018 12:00:00 AM,640236,_pb-b1_cp-335285380_ag-1220458091123548_dv-c__kw-kwd-76278766453071:loc-4125__p1var-h_p2var-b_,1.2648
8/2/2018 12:00:00 AM,640236,_pb-b1_cp-335285380_ag-1220458091123548_dv-c__kw-kwd-76278766453071:loc-4126__p1var-h_p2var-b_,17.1492
8/2/2018 12:00:00 AM,640236,_pb-b1_cp-335285381_ag-1218259068363738_dv-c__kw-kwd-76141325381908:loc-4084__p1var-i_p2var-b_,21.9387
8/2/2018 12:00:00 AM,640236,_pb-b1_cp-335285381_ag-1219358579821243_dv-c__kw-kwd-76210045543605:loc-4098__p1var-h_p2var-b_,0
8/2/2018 12:00:00 AM,640236,_pb-b1_cp-335285381_ag-1221557603067565_dv-c__kw-kwd-76347483651526:loc-4120__p1var-i_p2var-b_,7.0029
8/2/2018 12:00:00 AM,640236,_pb-b1_cp-335285385_ag-1209462974855746_dv-c__kw-kwd-75591571086851:loc-4114__p1var-i_p2var-b_,6.0915
8/2/2018 12:00:00 AM,640236,_pb-b1_cp-335285385_ag-1209462974855746_dv-c__kw-kwd-75591571086860:loc-4099__p1var-i_p2var-b_,0
8/2/2018 12:00:00 AM,640236,_pb-g1_cp-1345431075_ag-60836499104_dv-c_ap-1t3_kw-kwd-307468697481__p1var-h_p2var-b_,7.7004
8/2/2018 12:00:00 AM,640236,_pb-g1_cp-1345431489_ag-53417914989_dv-c_ap-1t4_kw-kwd-308697891795__p1var-h_p2var-b_,0
8/2/2018 12:00:00 AM,640236,_pb-g1_cp-1345433445_ag-54134008775_dv-c_ap-1o2_kw-kwd-435146879719__p1var-i_p2var-b_,9.114
8/2/2018 12:00:00 AM,640236,_pb-g1_cp-1345433445_ag-54134008775_dv-c_ap-1s3_kw-kwd-435146877319__p1var-i_p2var-b_,5.4312
8/2/2018 12:00:00 AM,640236,_pb-g1_cp-1345433445_ag-54134008775_dv-c_ap-1t7_kw-kwd-406866453003__p1var-h_p2var-b_,0
8/2/2018 12:00:00 AM,640236,_pb-g1_cp-1345629013_ag-62470773308_dv-c_ap-1o1_kw-kwd-306250695499__p1var-h_p2var-b_,3.4875
8/2/2018 12:00:00 AM,640236,_pb-g1_cp-1345629013_ag-62470773308_dv-c_ap-1t1_kw-kwd-306250695499__p1var-h_p2var-b_,1.395
8/3/2018 12:00:00 AM,637304,_pb-b1_cp-335315486_ag-1220458101731980_dv-c_kw-kwd-76278771251123:loc-4090__p1var-e_p2var-b_,17.424
8/3/2018 12:00:00 AM,637304,_pb-b1_cp-335315486_ag-1222657125458718_dv-c_kw-kwd-76416208854087:loc-4088__p1var-e_p2var-b_,0
8/3/2018 12:00:00 AM,637304,_pb-b1_cp-335315487_ag-1217159567001529_dv-c_kw-kwd-76072612060710:loc-4084__p1var-e_p2var-b_,0
8/3/2018 12:00:00 AM,637304,_pb-b1_cp-335315488_ag-1221557613674221_dv-c_kw-kwd-76347488784226:loc-4109__p1var-e_p2var-b_,0
8/3/2018 12:00:00 AM,637304,_pb-b1_cp-335315489_ag-1223756636772623_dv-c_kw-kwd-76484928656404:loc-4104__p1var-e_p2var-b_,0
8/3/2018 12:00:00 AM,637304,_pb-b1_cp-335315490_ag-1212761520326981_dv-c_kw-kwd-75797733772169:loc-4103__p1var-e_p2var-b_,4.8
8/3/2018 12:00:00 AM,637304,_pb-b1_cp-335315494_ag-1218259078972362_dv-m_kw-kwd-76141330444268:loc-4084__p1var-e_p2var-b_,0
8/3/2018 12:00:00 AM,637304,_pb-b1_cp-335315496_ag-1208363473991281_dv-m_kw-kwd-75522855765900:loc-4120__p1var-e_p2var-b_,3.2
8/3/2018 12:00:00 AM,637304,_pb-b1_cp-335315496_ag-1208363473991281_dv-m_kw-kwd-75522855765900:loc-4126__p1var-e_p2var-b_,12.992
8/3/2018 12:00:00 AM,637304,_pb-b1_cp-335315499_ag-1208363473991345_dv-m_kw-kwd-75522855766437:loc-4084__p1var-e_p2var-b_,0
8/3/2018 12:00:00 AM,637304,_pb-b1_cp-335315500_ag-1210562497251859_dv-m_kw-kwd-75660294695320:loc-4109__p1var-e_p2var-b_,15.752
8/3/2018 12:00:00 AM,637304,_pb-g1_cp-1401083889_ag-59291806950_dv-c_ap-1t2_kw-kwd-389914052302__p1var-e_p2var-b_,0
8/3/2018 12:00:00 AM,637304,_pb-g1_cp-1401083889_ag-59291806950_dv-c_ap-1t2_kw-kwd-449750371857__p1var-e_p2var-b_,0
8/3/2018 12:00:00 AM,637304,_pb-g1_cp-1402236400_ag-56039527395_dv-c_ap-1o1_kw-kwd-447535022282__p1var-e_p2var-b_,0
8/3/2018 12:00:00 AM,637304,_pb-g1_cp-1406060569_ag-56898658033_dv-m_ap-1o1_kw-kwd-351010062215__p1var-e_p2var-b_,0
8/3/2018 12:00:00 AM,637304,_pb-g1_cp-1406060569_ag-56898658033_dv-m_ap-1t1_kw-kwd-348346035782__p1var-e_p2var-b_,3.2
8/3/2018 12:00:00 AM,637304,_pb-g1_cp-1406060569_ag-56898658033_dv-m_ap-1t4_kw-kwd-350790148938__p1var-e_p2var-b_,0
8/3/2018 12:00:00 AM,637304,_pb-g1_cp-1406564091_ag-61099789171_dv-m_ap-1t3_kw-kwd-298686120625__p1var-e_p2var-b_,2.448
8/3/2018 12:00:00 AM,637314,_pb-b1_cp-335315499_ag-1222657125458798_dv-m_kw-kwd-76416208854439:loc-190__p1var-e_p2var-b_,4.8
8/3/2018 12:00:00 AM,637314,_pb-b1_cp-335315499_ag-1222657125458798_dv-m_kw-kwd-76416208854439:loc-4107__p1var-e_p2var-b_,5.552
8/3/2018 12:00:00 AM,637314,_pb-b1_cp-335315499_ag-1222657125458798_dv-m_kw-kwd-76416208854443:loc-190__p1var-e_p2var-b_,4.8
8/3/2018 12:00:00 AM,637314,_pb-b1_cp-335315499_ag-1222657125458798_dv-m_kw-kwd-76416208854443:loc-4084__p1var-e_p2var-b_,4.6
8/3/2018 12:00:00 AM,637314,_pb-b1_cp-335315499_ag-1222657125458798_dv-m_kw-kwd-76416208854443:loc-4100__p1var-e_p2var-b_,0.944
8/3/2018 12:00:00 AM,637314,_pb-b1_cp-335315499_ag-1222657125458798_dv-m_kw-kwd-76416208854443:loc-4101__p1var-e_p2var-b_,4.8
8/3/2018 12:00:00 AM,637314,_pb-b1_cp-335315499_ag-1222657125458798_dv-m_kw-kwd-76416208854443:loc-4126__p1var-e_p2var-b_,0
8/3/2018 12:00:00 AM,637314,_pb-b1_cp-335315499_ag-1222657125458798_dv-m_kw-kwd-76416208854443:loc-59981__p1var-e_p2var-b_,6.696
8/3/2018 12:00:00 AM,637314,_pb-b1_cp-335315499_ag-1222657125458798_dv-m_kw-kwd-76416208854456:loc-4117__p1var-e_p2var-b_,3.832
8/3/2018 12:00:00 AM,637314,_pb-b1_cp-335315499_ag-1222657125458798_dv-m_kw-kwd-76416208854462:loc-190__p1var-e_p2var-b_,0
8/3/2018 12:00:00 AM,640235,_pb-b1_cp-335285391_ag-1223756626165279_dv-m__kw-kwd-76484923849585:loc-4117__p1var-i_p2var-b_,2.3064
8/3/2018 12:00:00 AM,640235,_pb-b1_cp-335285393_ag-1213861021635126_dv-m__kw-kwd-75866448783298:loc-4084__p1var-h_p2var-b_,0
8/3/2018 12:00:00 AM,640235,_pb-g1_cp-1368103409_ag-53463727086_dv-m_ap-1o2_kw-kwd-307164751363__p1var-h_p2var-b_,2.511
8/3/2018 12:00:00 AM,640235,_pb-g1_cp-1368103409_ag-53463727086_dv-m_ap-1t4_kw-kwd-307468697481__p1var-h_p2var-b_,4.836
8/3/2018 12:00:00 AM,640235,_pb-g1_cp-1368103886_ag-53463729046_dv-m_ap-1o2_kw-kwd-306022934150__p1var-h_p2var-b_,1.7763
8/3/2018 12:00:00 AM,640235,_pb-g1_cp-1368103886_ag-53463729046_dv-m_ap-1t3_kw-kwd-306250697899__p1var-h_p2var-b_,0
8/3/2018 12:00:00 AM,640235,_pb-g1_cp-1368103886_ag-53463729046_dv-m_ap-1t4_kw-kwd-442694794944__p1var-h_p2var-b_,11.2809
8/3/2018 12:00:00 AM,640235,_pb-g1_cp-1368103886_ag-53463729046_dv-m_ap-3o1_kw-kwd-442694790384__p1var-h_p2var-b_,1.1625
8/3/2018 12:00:00 AM,640235,_pb-g1_cp-1368304060_ag-52124406862_dv-m_ap-1o1_kw-kwd-441921063282__p1var-h_p2var-b_,0
8/3/2018 12:00:00 AM,640235,_pb-g1_cp-1368304060_ag-52124406862_dv-m_ap-1o2_kw-kwd-441921058482__p1var-h_p2var-b_,0
8/3/2018 12:00:00 AM,640235,_pb-g1_cp-1368304060_ag-52124406862_dv-m_ap-1o3_kw-kwd-441921063282__p1var-h_p2var-b_,1.1532
8/3/2018 12:00:00 AM,640235,_pb-g1_cp-1368304252_ag-54704519436_dv-m_ap-1o2_kw-kwd-308697891795__p1var-h_p2var-b_,0
8/3/2018 12:00:00 AM,640235,_pb-g1_cp-1368304252_ag-54704519436_dv-m_ap-1o3_kw-kwd-377904995471__p1var-h_p2var-b_,1.7763
8/3/2018 12:00:00 AM,640235,_pb-g1_cp-1368304252_ag-54704519436_dv-m_ap-1t3_kw-kwd-308697891795__p1var-h_p2var-b_,0
8/3/2018 12:00:00 AM,640235,_pb-g1_cp-1368304252_ag-54704519436_dv-m_ap-1t4_kw-kwd-308697891795__p1var-h_p2var-b_,1.7763
8/3/2018 12:00:00 AM,640235,_pb-g1_cp-1368304252_ag-54704519436_dv-m_ap-3o3_kw-kwd-307147661003__p1var-h_p2var-b_,4.7337
8/3/2018 12:00:00 AM,640235,_pb-g1_cp-1368304483_ag-57183840600_dv-m_ap-1o1_kw-kwd-435146876319__p1var-h_p2var-b_,1.6461
8/3/2018 12:00:00 AM,640235,_pb-g1_cp-1368304483_ag-57183840600_dv-m_ap-1o2_kw-kwd-366851760636__p1var-h_p2var-b_,0
8/3/2018 12:00:00 AM,640235,_pb-g1_cp-1368304483_ag-57183840600_dv-m_ap-1o2_kw-kwd-435146876319__p1var-h_p2var-b_,2.0367
8/3/2018 12:00:00 AM,640235,_pb-g1_cp-1368304483_ag-57387446089_dv-m_ap-1o1_kw-kwd-365106676689__p1var-h_p2var-b_,0
8/3/2018 12:00:00 AM,640235,_pb-g1_cp-1368304483_ag-57387446089_dv-m_ap-1o2_kw-kwd-365106676689__p1var-h_p2var-b_,2.5296
8/3/2018 12:00:00 AM,640235,_pb-g1_cp-1368304483_ag-57387446089_dv-m_ap-1o2_kw-kwd-435146877319__p1var-h_p2var-b_,2.5668
8/3/2018 12:00:00 AM,640235,_pb-g1_cp-1368304483_ag-57387446089_dv-m_ap-1o3_kw-kwd-365106676689__p1var-h_p2var-b_,0.1116
8/3/2018 12:00:00 AM,640235,_pb-g1_cp-1368567336_ag-52124404742_dv-m_ap-1t1_kw-kwd-442694794264__p1var-i_p2var-b_,1.1625
8/3/2018 12:00:00 AM,640235,_pb-g1_cp-1368567336_ag-52124404742_dv-m_ap-1t4_kw-kwd-442694814384__p1var-i_p2var-b_,1.7763
8/3/2018 12:00:00 AM,640235,_pb-g1_cp-1368567519_ag-52124404542_dv-m_ap-1t2_kw-kwd-442694791184__p1var-i_p2var-b_,0
8/3/2018 12:00:00 AM,640235,_pb-g1_cp-1368567519_ag-52124404542_dv-m_ap-1t2_kw-kwd-442694797664__p1var-i_p2var-b_,0
8/3/2018 12:00:00 AM,640235,_pb-g1_cp-1368567519_ag-52124404542_dv-m_ap-1t3_kw-kwd-442694795464__p1var-i_p2var-b_,1.1625
8/3/2018 12:00:00 AM,640235,_pb-g1_cp-1368567597_ag-57474112514_dv-m_ap-1o3_kw-kwd-436821659476__p1var-i_p2var-b_,3.3387
8/3/2018 12:00:00 AM,640235,_pb-g1_cp-1368567597_ag-60127486928_dv-m_ap-1o1_kw-kwd-436821671236__p1var-i_p2var-b_,0
8/3/2018 12:00:00 AM,640236,_pb-b1_cp-335285377_ag-1207263951916800_dv-c__kw-kwd-75454131332246:loc-4101__p1var-h_p2var-b_,13.8477
8/3/2018 12:00:00 AM,640236,_pb-b1_cp-335285378_ag-1209462974855762_dv-c__kw-kwd-75591571086963:loc-4107__p1var-h_p2var-b_,0
8/3/2018 12:00:00 AM,640236,_pb-b1_cp-335285379_ag-1222657114848094_dv-c__kw-kwd-76416204071526:loc-4083__p1var-h_p2var-b_,9.5232
8/3/2018 12:00:00 AM,640236,_pb-b1_cp-335285380_ag-1220458091123548_dv-c__kw-kwd-76278766453066:loc-4110__p1var-h_p2var-b_,0
8/3/2018 12:00:00 AM,640236,_pb-b1_cp-335285380_ag-1220458091123548_dv-c__kw-kwd-76278766453071:loc-4089__p1var-h_p2var-b_,19.3347
8/3/2018 12:00:00 AM,640236,_pb-b1_cp-335285380_ag-1220458091123548_dv-c__kw-kwd-76278766453071:loc-4105__p1var-h_p2var-b_,0
8/3/2018 12:00:00 AM,640236,_pb-b1_cp-335285380_ag-1220458091123548_dv-c__kw-kwd-76278766453071:loc-4125__p1var-h_p2var-b_,18.8046
8/3/2018 12:00:00 AM,640236,_pb-b1_cp-335285381_ag-1218259068363738_dv-c__kw-kwd-76141325381908:loc-4117__p1var-i_p2var-b_,8.5746
8/3/2018 12:00:00 AM,640236,_pb-b1_cp-335285386_ag-1214960532947127_dv-c__kw-kwd-75935168058205:loc-4126__p1var-h_p2var-b_,18.3582
8/3/2018 12:00:00 AM,640236,_pb-g1_cp-1344834455_ag-52421189005_dv-c_ap-1t3_kw-kwd-441921058522__p1var-h_p2var-b_,3.1806
8/3/2018 12:00:00 AM,640236,_pb-g1_cp-1345431075_ag-60836499104_dv-c_ap-1o1_kw-kwd-307468697721__p1var-h_p2var-b_,0
8/3/2018 12:00:00 AM,640236,_pb-g1_cp-1345431075_ag-60836499104_dv-c_ap-1o1_kw-kwd-441921060162__p1var-h_p2var-b_,0
8/3/2018 12:00:00 AM,640236,_pb-g1_cp-1345431075_ag-60836499104_dv-c_ap-1o3_kw-kwd-307164751083__p1var-h_p2var-b_,0
8/3/2018 12:00:00 AM,640236,_pb-g1_cp-1345433445_ag-54134008775_dv-c_ap-1o3_kw-kwd-437400685177__p1var-i_p2var-b_,0
8/4/2018 12:00:00 AM,637304,_pb-b1_cp-335315486_ag-1219358590426667_dv-c_kw-kwd-76210050551145:loc-4084__p1var-e_p2var-b_,0
8/4/2018 12:00:00 AM,637304,_pb-b1_cp-335315489_ag-1223756636772623_dv-c_kw-kwd-76484928656404:loc-4126__p1var-e_p2var-b_,0
8/4/2018 12:00:00 AM,637304,_pb-b1_cp-335315490_ag-1213861032244950_dv-c_kw-kwd-75866453528421:loc-4093__p1var-e_p2var-b_,0
8/4/2018 12:00:00 AM,637304,_pb-b1_cp-335315491_ag-1220458101731964_dv-c_kw-kwd-76278771250850:loc-4104__p1var-e_p2var-b_,0
8/4/2018 12:00:00 AM,637304,_pb-b1_cp-335315493_ag-1223756636772639_dv-c_kw-kwd-76484928656466:loc-4115__p1var-e_p2var-b_,6.928
8/4/2018 12:00:00 AM,637304,_pb-b1_cp-335315496_ag-1208363473991281_dv-m_kw-kwd-75522855765900:loc-4095__p1var-e_p2var-b_,6.16
8/4/2018 12:00:00 AM,637304,_pb-b1_cp-335315499_ag-1208363473991345_dv-m_kw-kwd-75522855766416:loc-190__p1var-e_p2var-b_,2.448
8/4/2018 12:00:00 AM,637304,_pb-b1_cp-335315499_ag-1208363473991345_dv-m_kw-kwd-75522855766422:loc-4084__p1var-e_p2var-b_,1.344
8/4/2018 12:00:00 AM,637304,_pb-b1_cp-335315499_ag-1208363473991345_dv-m_kw-kwd-75522855766437:loc-190__p1var-e_p2var-b_,2.448
8/4/2018 12:00:00 AM,637304,_pb-b1_cp-335315499_ag-1208363473991345_dv-m_kw-kwd-75522855766437:loc-4126__p1var-e_p2var-b_,0
8/4/2018 12:00:00 AM,637304,_pb-b1_cp-335315499_ag-1223756636772687_dv-m_kw-kwd-76484928656803:loc-4101__p1var-e_p2var-b_,2
8/4/2018 12:00:00 AM,637304,_pb-b1_cp-335315500_ag-1209462985460866_dv-m_kw-kwd-75591575823200:loc-4096__p1var-e_p2var-b_,0
8/4/2018 12:00:00 AM,637304,_pb-b1_cp-335315501_ag-1220458101731996_dv-m_kw-kwd-76278771251189:loc-4120__p1var-e_p2var-b_,4.904
8/4/2018 12:00:00 AM,637304,_pb-b1_cp-335315501_ag-1223756636772671_dv-m_kw-kwd-76484928656756:loc-4095__p1var-i_p2var-b_,0
8/4/2018 12:00:00 AM,637304,_pb-g1_cp-1401083889_ag-58910146967_dv-c_ap-1t4_kw-kwd-351026901593__p1var-e_p2var-b_,5.424
8/4/2018 12:00:00 AM,637304,_pb-g1_cp-1406060569_ag-56156721835_dv-m_ap-1t1_kw-kwd-351026901593__p1var-e_p2var-b_,0
8/4/2018 12:00:00 AM,637304,_pb-g1_cp-1406060569_ag-56898658033_dv-m_ap-1t4_kw-kwd-447535044602__p1var-e_p2var-b_,0
8/4/2018 12:00:00 AM,637304,_pb-g1_cp-1406060569_ag-56956603338_dv-m_ap-1t2_kw-kwd-389914052302__p1var-e_p2var-b_,0
8/4/2018 12:00:00 AM,637304,_pb-g1_cp-1406060569_ag-56956603338_dv-m_ap-1t3_kw-kwd-389914052302__p1var-e_p2var-b_,0
8/4/2018 12:00:00 AM,637304,_pb-g1_cp-1406060569_ag-56956603338_dv-m_ap-1t4_kw-kwd-449750371857__p1var-e_p2var-b_,0
8/4/2018 12:00:00 AM,637304,_pb-g1_cp-1406564091_ag-61099789171_dv-m_ap-7o1_kw-kwd-298686117105__p1var-e_p2var-b_,0
8/4/2018 12:00:00 AM,637314,_pb-b1_cp-335315499_ag-1222657125458798_dv-m_kw-kwd-76416208854428:loc-190__p1var-e_p2var-b_,4
8/4/2018 12:00:00 AM,637314,_pb-b1_cp-335315499_ag-1222657125458798_dv-m_kw-kwd-76416208854428:loc-4084__p1var-e_p2var-b_,1.68
8/4/2018 12:00:00 AM,637314,_pb-b1_cp-335315499_ag-1222657125458798_dv-m_kw-kwd-76416208854443:loc-4096__p1var-e_p2var-b_,3.912
8/4/2018 12:00:00 AM,637314,_pb-b1_cp-335315499_ag-1222657125458798_dv-m_kw-kwd-76416208854443:loc-4099__p1var-e_p2var-b_,0
8/4/2018 12:00:00 AM,637314,_pb-b1_cp-335315499_ag-1222657125458798_dv-m_kw-kwd-76416208854443:loc-4109__p1var-e_p2var-b_,4.064
8/4/2018 12:00:00 AM,637314,_pb-b1_cp-335315499_ag-1222657125458798_dv-m_kw-kwd-76416208854443:loc-4126__p1var-e_p2var-b_,5.728
8/4/2018 12:00:00 AM,637314,_pb-b1_cp-335315499_ag-1222657125458798_dv-m_kw-kwd-76416208854455:loc-190__p1var-e_p2var-b_,4
8/4/2018 12:00:00 AM,637314,_pb-b1_cp-335315499_ag-1222657125458798_dv-m_kw-kwd-76416208854457:loc-190__p1var-e_p2var-b_,7.4
8/4/2018 12:00:00 AM,637314,_pb-b1_cp-335315499_ag-1222657125458798_dv-m_kw-kwd-76416208854457:loc-4084__p1var-e_p2var-b_,9.728
8/4/2018 12:00:00 AM,637314,_pb-b1_cp-335315499_ag-1222657125458798_dv-m_kw-kwd-76416208854457:loc-4126__p1var-e_p2var-b_,0
8/4/2018 12:00:00 AM,640235,_pb-b1_cp-335285391_ag-1223756626165279_dv-m__kw-kwd-76484923849556:loc-4123__p1var-i_p2var-b_,1.7763
8/4/2018 12:00:00 AM,640235,_pb-b1_cp-335285392_ag-1217159556394777_dv-m__kw-kwd-76072607224669:loc-4133__p1var-h_p2var-b_,4.0455
8/4/2018 12:00:00 AM,640235,_pb-b1_cp-335285393_ag-1213861021635126_dv-m__kw-kwd-75866448783329:loc-4084__p1var-h_p2var-b_,6.789
8/4/2018 12:00:00 AM,640235,_pb-b1_cp-335285399_ag-1214960532947143_dv-m__kw-kwd-75935168058267:loc-4126__p1var-h_p2var-b_,1.2555
8/4/2018 12:00:00 AM,640235,_pb-b1_cp-335285401_ag-1219358579821275_dv-m__kw-kwd-76210045544196:loc-4083__p1var-h_p2var-b_,12.0156
8/4/2018 12:00:00 AM,640235,_pb-g1_cp-1368103409_ag-53463727086_dv-m_ap-1t2_kw-kwd-307164755923__p1var-h_p2var-b_,1.7763
8/4/2018 12:00:00 AM,640235,_pb-g1_cp-1368103409_ag-53463727086_dv-m_ap-1t2_kw-kwd-466123648274__p1var-h_p2var-b_,1.3764
8/4/2018 12:00:00 AM,640235,_pb-g1_cp-1368103886_ag-53463729046_dv-m_ap-1o3_kw-kwd-442694794944__p1var-h_p2var-b_,0
8/4/2018 12:00:00 AM,640235,_pb-g1_cp-1368103886_ag-53463729046_dv-m_ap-1t3_kw-kwd-306022934150__p1var-h_p2var-b_,0.5859
8/4/2018 12:00:00 AM,640235,_pb-g1_cp-1368103886_ag-53463729046_dv-m_ap-1t3_kw-kwd-306250697499__p1var-h_p2var-b_,3.2922
8/4/2018 12:00:00 AM,640235,_pb-g1_cp-1368304006_ag-58286361287_dv-m_ap-1t2_kw-kwd-442694807744__p1var-i_p2var-b_,0
8/4/2018 12:00:00 AM,640235,_pb-g1_cp-1368304252_ag-54704519436_dv-m_ap-1o1_kw-kwd-442694791824__p1var-h_p2var-b_,1.488
8/4/2018 12:00:00 AM,640235,_pb-g1_cp-1368304252_ag-54704519436_dv-m_ap-1t3_kw-kwd-308697891795__p1var-h_p2var-b_,6.138
8/4/2018 12:00:00 AM,640235,_pb-g1_cp-1368304483_ag-57183840600_dv-m_ap-1o1_kw-kwd-435146876319__p1var-h_p2var-b_,8.37
8/4/2018 12:00:00 AM,640235,_pb-g1_cp-1368304483_ag-57183840600_dv-m_ap-1o2_kw-kwd-435660514469__p1var-i_p2var-b_,4.743
8/4/2018 12:00:00 AM,640235,_pb-g1_cp-1368304483_ag-57183840600_dv-m_ap-1o2_kw-kwd-436815066676__p1var-h_p2var-b_,0
8/4/2018 12:00:00 AM,640235,_pb-g1_cp-1368304483_ag-57387446089_dv-m_ap-1o1_kw-kwd-435146867199__p1var-i_p2var-b_,1.0323
8/4/2018 12:00:00 AM,640235,_pb-g1_cp-1368567336_ag-52124404742_dv-m_ap-1o3_kw-kwd-442694799984__p1var-i_p2var-b_,0
8/4/2018 12:00:00 AM,640235,_pb-g1_cp-1368567336_ag-52124404742_dv-m_ap-1t1_kw-kwd-442694794264__p1var-i_p2var-b_,0
8/4/2018 12:00:00 AM,640235,_pb-g1_cp-1368567336_ag-52124404742_dv-m_ap-1t1_kw-kwd-442694801504__p1var-i_p2var-b_,0
8/4/2018 12:00:00 AM,640235,_pb-g1_cp-1368567336_ag-52124404742_dv-m_ap-1t4_kw-kwd-442694814384__p1var-i_p2var-b_,0
8/4/2018 12:00:00 AM,640235,_pb-g1_cp-1368567483_ag-57474088794_dv-m_ap-1o1_kw-kwd-441921069522__p1var-i_p2var-b_,1.9158
8/4/2018 12:00:00 AM,640235,_pb-g1_cp-1368567483_ag-57474088794_dv-m_ap-1t4_kw-kwd-441921071162__p1var-i_p2var-b_,0.2232
8/4/2018 12:00:00 AM,640235,_pb-g1_cp-1368567519_ag-52124404542_dv-m_ap-1o1_kw-kwd-442694807224__p1var-i_p2var-b_,3.0504
8/4/2018 12:00:00 AM,640235,_pb-g1_cp-1368567519_ag-52124404542_dv-m_ap-1o1_kw-kwd-442694807904__p1var-i_p2var-b_,0
8/4/2018 12:00:00 AM,640235,_pb-g1_cp-1368567519_ag-52124404542_dv-m_ap-1t2_kw-kwd-442694797664__p1var-i_p2var-b_,0
8/4/2018 12:00:00 AM,640235,_pb-g1_cp-1368567597_ag-57474112514_dv-m_ap-1t4_kw-kwd-436821659476__p1var-h_p2var-b_,1.488
8/4/2018 12:00:00 AM,640236,_pb-b1_cp-335285379_ag-1222657114848094_dv-c__kw-kwd-76416204071534:loc-4113__p1var-h_p2var-b_,1.7577
8/4/2018 12:00:00 AM,640236,_pb-b1_cp-335285380_ag-1220458091123548_dv-c__kw-kwd-76278766453071:loc-4099__p1var-h_p2var-b_,1.7019
8/4/2018 12:00:00 AM,640236,_pb-b1_cp-335285383_ag-1214960532947111_dv-c__kw-kwd-75935168058060:loc-4095__p1var-i_p2var-b_,12.2202
8/4/2018 12:00:00 AM,640236,_pb-b1_cp-335285387_ag-1211661998404020_dv-c__kw-kwd-75729009436783:loc-4092__p1var-i_p2var-b_,12.4434
8/4/2018 12:00:00 AM,640236,_pb-b1_cp-335285387_ag-1211661998404020_dv-c__kw-kwd-75729009437126:loc-4109__p1var-i_p2var-b_,18.7674
8/4/2018 12:00:00 AM,640236,_pb-g1_cp-1345431075_ag-60836499104_dv-c_ap-1t4_kw-kwd-466123643474__p1var-h_p2var-b_,0
8/4/2018 12:00:00 AM,640236,_pb-g1_cp-1345633801_ag-56729130471_dv-c_ap-1o1_kw-kwd-435218226602__p1var-i_p2var-b_,3.6735
8/5/2018 12:00:00 AM,637304,_pb-b1_cp-335315487_ag-1217159567001529_dv-c_kw-kwd-76072612060660:loc-4097__p1var-e_p2var-b_,3.4
8/5/2018 12:00:00 AM,637304,_pb-b1_cp-335315487_ag-1217159567001529_dv-c_kw-kwd-76072612060751:loc-4085__p1var-e_p2var-b_,5.04
8/5/2018 12:00:00 AM,637304,_pb-b1_cp-335315488_ag-1221557613674221_dv-c_kw-kwd-76347488784123:loc-4128__p1var-e_p2var-b_,0
8/5/2018 12:00:00 AM,637304,_pb-b1_cp-335315488_ag-1221557613674221_dv-c_kw-kwd-76347488784208:loc-4109__p1var-e_p2var-b_,0
8/5/2018 12:00:00 AM,637304,_pb-b1_cp-335315489_ag-1223756636772623_dv-c_kw-kwd-76484928656361:loc-190__p1var-e_p2var-b_,0
8/5/2018 12:00:00 AM,637304,_pb-b1_cp-335315489_ag-1223756636772623_dv-c_kw-kwd-76484928656404:loc-190__p1var-e_p2var-b_,2.448
8/5/2018 12:00:00 AM,637304,_pb-b1_cp-335315497_ag-1207263962524960_dv-m_kw-kwd-75454136146702:loc-4126__p1var-e_p2var-b_,3.08
8/5/2018 12:00:00 AM,637304,_pb-b1_cp-335315499_ag-1208363473991345_dv-m_kw-kwd-75522855766370:loc-4109__p1var-e_p2var-b_,1.952
8/5/2018 12:00:00 AM,637304,_pb-b1_cp-335315499_ag-1208363473991345_dv-m_kw-kwd-75522855766437:loc-4084__p1var-e_p2var-b_,0
8/5/2018 12:00:00 AM,637304,_pb-b1_cp-335315499_ag-1223756636772687_dv-m_kw-kwd-76484928656783:loc-190__p1var-e_p2var-b_,0
8/5/2018 12:00:00 AM,637304,_pb-b1_cp-335315499_ag-1223756636772687_dv-m_kw-kwd-76484928656803:loc-4095__p1var-e_p2var-b_,0
8/5/2018 12:00:00 AM,637304,_pb-b1_cp-335315501_ag-1207263962524976_dv-m_kw-kwd-75454136146967:loc-59981__p1var-i_p2var-b_,6.16
8/5/2018 12:00:00 AM,637304,_pb-b1_cp-335315501_ag-1220458101731996_dv-m_kw-kwd-76278771251189:loc-4120__p1var-e_p2var-b_,0
8/5/2018 12:00:00 AM,637304,_pb-b1_cp-335315501_ag-1223756636772671_dv-m_kw-kwd-76484928656723:loc-59981__p1var-i_p2var-b_,3.08
8/5/2018 12:00:00 AM,637304,_pb-g1_cp-1401083889_ag-59291806950_dv-c_ap-1t4_kw-kwd-389914052302__p1var-e_p2var-b_,0
8/5/2018 12:00:00 AM,637304,_pb-g1_cp-1401083889_ag-60741453968_dv-c_ap-1t2_kw-kwd-403731102460__p1var-e_p2var-b_,0
8/5/2018 12:00:00 AM,637304,_pb-g1_cp-1406060569_ag-56898658033_dv-m_ap-1t1_kw-kwd-446983403950__p1var-e_p2var-b_,4.24
8/5/2018 12:00:00 AM,637304,_pb-g1_cp-1406060569_ag-56956603338_dv-m_ap-1o2_kw-kwd-449750370897__p1var-e_p2var-b_,0
8/5/2018 12:00:00 AM,637304,_pb-g1_cp-1406060569_ag-56956603338_dv-m_ap-1t3_kw-kwd-449750370897__p1var-e_p2var-b_,3.832
8/5/2018 12:00:00 AM,637304,_pb-g1_cp-1406060569_ag-56956603338_dv-m_ap-1t4_kw-kwd-449750370897__p1var-e_p2var-b_,0
8/5/2018 12:00:00 AM,637304,_pb-g1_cp-1406911667_ag-50908271650_dv-m_ap-1t2_kw-kwd-448333714245__p1var-i_p2var-b_,0
8/5/2018 12:00:00 AM,637314,_pb-b1_cp-335315499_ag-1222657125458798_dv-m_kw-kwd-76416208854422:loc-190__p1var-e_p2var-b_,3.4
8/5/2018 12:00:00 AM,637314,_pb-b1_cp-335315499_ag-1222657125458798_dv-m_kw-kwd-76416208854443:loc-4083__p1var-e_p2var-b_,4.712
8/5/2018 12:00:00 AM,637314,_pb-b1_cp-335315499_ag-1222657125458798_dv-m_kw-kwd-76416208854443:loc-4089__p1var-e_p2var-b_,4.824
8/5/2018 12:00:00 AM,637314,_pb-b1_cp-335315499_ag-1222657125458798_dv-m_kw-kwd-76416208854443:loc-4126__p1var-e_p2var-b_,10.2
8/5/2018 12:00:00 AM,637314,_pb-b1_cp-335315499_ag-1222657125458798_dv-m_kw-kwd-76416208854444:loc-59981__p1var-e_p2var-b_,6.8
8/5/2018 12:00:00 AM,637314,_pb-b1_cp-335315499_ag-1222657125458798_dv-m_kw-kwd-76416208854448:loc-190__p1var-e_p2var-b_,3.4
8/5/2018 12:00:00 AM,637314,_pb-b1_cp-335315499_ag-1222657125458798_dv-m_kw-kwd-76416208854455:loc-190__p1var-e_p2var-b_,2.448
8/5/2018 12:00:00 AM,637314,_pb-b1_cp-335315499_ag-1222657125458798_dv-m_kw-kwd-76416208854455:loc-59981__p1var-e_p2var-b_,2
8/5/2018 12:00:00 AM,637314,_pb-b1_cp-335315499_ag-1222657125458798_dv-m_kw-kwd-76416208854457:loc-4126__p1var-e_p2var-b_,0
8/5/2018 12:00:00 AM,640235,_pb-b1_cp-335285394_ag-1209462974855714_dv-m__kw-kwd-75591570843631:loc-4098__p1var-i_p2var-b_,1.7763
8/5/2018 12:00:00 AM,640235,_pb-b1_cp-335285396_ag-1209462974855730_dv-m__kw-kwd-75591570843765:loc-4086__p1var-h_p2var-b_,0
8/5/2018 12:00:00 AM,640235,_pb-b1_cp-335285396_ag-1209462974855730_dv-m__kw-kwd-75591570843765:loc-59981__p1var-h_p2var-b_,4.0269
8/5/2018 12:00:00 AM,640235,_pb-b1_cp-335285399_ag-1214960532947143_dv-m__kw-kwd-75935168058270:loc-4090__p1var-h_p2var-b_,1.7763
8/5/2018 12:00:00 AM,640235,_pb-g1_cp-1368103409_ag-53463727086_dv-m_ap-1o1_kw-kwd-307468697481__p1var-h_p2var-b_,1.6647
8/5/2018 12:00:00 AM,640235,_pb-g1_cp-1368103409_ag-53463727086_dv-m_ap-1t2_kw-kwd-307164755003__p1var-h_p2var-b_,1.5252
8/5/2018 12:00:00 AM,640235,_pb-g1_cp-1368103409_ag-53463727086_dv-m_ap-1t2_kw-kwd-307468697481__p1var-h_p2var-b_,0
8/5/2018 12:00:00 AM,640235,_pb-g1_cp-1368103886_ag-53463729046_dv-m_ap-1t2_kw-kwd-442694794944__p1var-h_p2var-b_,0.651
8/5/2018 12:00:00 AM,640235,_pb-g1_cp-1368103886_ag-53463729046_dv-m_ap-1t3_kw-kwd-306250697899__p1var-h_p2var-b_,3.6921
8/5/2018 12:00:00 AM,640235,_pb-g1_cp-1368103886_ag-53463729046_dv-m_ap-1t4_kw-kwd-442694794944__p1var-h_p2var-b_,0
8/5/2018 12:00:00 AM,640235,_pb-g1_cp-1368304006_ag-58286361287_dv-m_ap-1o3_kw-kwd-442694812464__p1var-i_p2var-b_,0
8/5/2018 12:00:00 AM,640235,_pb-g1_cp-1368304060_ag-52124406862_dv-m_ap-1o1_kw-kwd-466123642994__p1var-h_p2var-b_,0
8/5/2018 12:00:00 AM,640235,_pb-g1_cp-1368304252_ag-54704519436_dv-m_ap-1o1_kw-kwd-308697891795__p1var-h_p2var-b_,6.7053
8/5/2018 12:00:00 AM,640235,_pb-g1_cp-1368304252_ag-54704519436_dv-m_ap-1o1_kw-kwd-442694791824__p1var-h_p2var-b_,2.79
8/5/2018 12:00:00 AM,640235,_pb-g1_cp-1368304252_ag-54704519436_dv-m_ap-1t3_kw-kwd-308697891795__p1var-h_p2var-b_,0
8/5/2018 12:00:00 AM,640235,_pb-g1_cp-1368304252_ag-54704519436_dv-m_ap-1t4_kw-kwd-442694791824__p1var-h_p2var-b_,2.7249
8/5/2018 12:00:00 AM,640235,_pb-g1_cp-1368304483_ag-54220089283_dv-m_ap-1o3_kw-kwd-435218204082__p1var-h_p2var-b_,0
8/5/2018 12:00:00 AM,640235,_pb-g1_cp-1368304483_ag-57183840600_dv-m_ap-1o1_kw-kwd-435146876319__p1var-i_p2var-b_,5.487
8/5/2018 12:00:00 AM,640235,_pb-g1_cp-1368304483_ag-57183840600_dv-m_ap-1o2_kw-kwd-435146876319__p1var-h_p2var-b_,0
8/5/2018 12:00:00 AM,640235,_pb-g1_cp-1368304483_ag-57183840600_dv-m_ap-1o3_kw-kwd-435146876319__p1var-h_p2var-b_,4.7058
8/5/2018 12:00:00 AM,640235,_pb-g1_cp-1368304483_ag-57387446089_dv-m_ap-1t2_kw-kwd-365106676689__p1var-i_p2var-b_,4.9662
8/5/2018 12:00:00 AM,640235,_pb-g1_cp-1368567336_ag-52124404742_dv-m_ap-1t2_kw-kwd-442694817024__p1var-i_p2var-b_,1.7763
8/5/2018 12:00:00 AM,640235,_pb-g1_cp-1368567336_ag-52124404742_dv-m_ap-1t3_kw-kwd-442694817024__p1var-i_p2var-b_,1.7763
8/5/2018 12:00:00 AM,640235,_pb-g1_cp-1368567483_ag-57474088794_dv-m_ap-1t4_kw-kwd-441921060602__p1var-i_p2var-b_,2.9109
8/5/2018 12:00:00 AM,640235,_pb-g1_cp-1368567519_ag-52124404542_dv-m_ap-1t4_kw-kwd-442694797384__p1var-i_p2var-b_,0
8/5/2018 12:00:00 AM,640235,_pb-g1_cp-1368567519_ag-52124404542_dv-m_ap-1t4_kw-kwd-442694802944__p1var-i_p2var-b_,0
8/5/2018 12:00:00 AM,640235,_pb-g1_cp-1368567597_ag-57474112514_dv-m_ap-1o1_kw-kwd-436821675076__p1var-i_p2var-b_,1.488
8/5/2018 12:00:00 AM,640235,_pb-g1_cp-1368567597_ag-57474112514_dv-m_ap-1o2_kw-kwd-436821684196__p1var-h_p2var-b_,3.4689
8/5/2018 12:00:00 AM,640235,_pb-g1_cp-1368567597_ag-60127486928_dv-m_ap-1o2_kw-kwd-435218226602__p1var-h_p2var-b_,2.1948
8/5/2018 12:00:00 AM,640235,_pb-g1_cp-1368567597_ag-60127486928_dv-m_ap-1o3_kw-kwd-435218212202__p1var-h_p2var-b_,6.5658
8/5/2018 12:00:00 AM,640235,_pb-g1_cp-1368567597_ag-60127486928_dv-m_ap-1o3_kw-kwd-435218215082__p1var-i_p2var-b_,0
8/5/2018 12:00:00 AM,640235,_pb-g1_cp-1368567597_ag-60127486928_dv-m_ap-1t4_kw-kwd-435218212202__p1var-h_p2var-b_,1.6926
8/5/2018 12:00:00 AM,640236,_pb-b1_cp-335285379_ag-1222657114848094_dv-c__kw-kwd-76416204071507:loc-4095__p1var-h_p2var-b_,0
8/5/2018 12:00:00 AM,640236,_pb-b1_cp-335285380_ag-1220458091123548_dv-c__kw-kwd-76278766453071:loc-4117__p1var-h_p2var-b_,3.2178
8/5/2018 12:00:00 AM,640236,_pb-b1_cp-335285380_ag-1220458091123548_dv-c__kw-kwd-76278766453084:loc-4117__p1var-h_p2var-b_,3.6735
8/5/2018 12:00:00 AM,640236,_pb-b1_cp-335285381_ag-1219358579821243_dv-c__kw-kwd-76210045543605:loc-4126__p1var-h_p2var-b_,89.9403
8/5/2018 12:00:00 AM,640236,_pb-b1_cp-335285384_ag-1209462974855778_dv-c__kw-kwd-75591571087051:loc-4084__p1var-i_p2var-b_,3.9804
8/5/2018 12:00:00 AM,640236,_pb-g1_cp-1344834455_ag-52421189005_dv-c_ap-1t4_kw-kwd-441921060442__p1var-h_p2var-b_,0
8/5/2018 12:00:00 AM,640236,_pb-g1_cp-1345431075_ag-60836499104_dv-c_ap-1o2_kw-kwd-307164751083__p1var-h_p2var-b_,0
8/5/2018 12:00:00 AM,640236,_pb-g1_cp-1345431489_ag-53417914989_dv-c_ap-1t3_kw-kwd-308697891795__p1var-h_p2var-b_,0
8/5/2018 12:00:00 AM,640236,_pb-g1_cp-1345629013_ag-62470773308_dv-c_ap-1t3_kw-kwd-306250695499__p1var-h_p2var-b_,0
8/6/2018 12:00:00 AM,637304,_pb-b1_cp-335315486_ag-1220458101731980_dv-c_kw-kwd-76278771251023:loc-4126__p1var-e_p2var-b_,0
8/6/2018 12:00:00 AM,637304,_pb-b1_cp-335315488_ag-1221557613674221_dv-c_kw-kwd-76347488784198:loc-190__p1var-e_p2var-b_,4.8
8/6/2018 12:00:00 AM,637304,_pb-b1_cp-335315489_ag-1223756636772623_dv-c_kw-kwd-76484928656404:loc-4090__p1var-e_p2var-b_,4.56
8/6/2018 12:00:00 AM,637304,_pb-b1_cp-335315491_ag-1221557613674269_dv-c_kw-kwd-76347488784412:loc-4114__p1var-e_p2var-b_,0
8/6/2018 12:00:00 AM,637304,_pb-b1_cp-335315496_ag-1208363473991281_dv-m_kw-kwd-75522855765900:loc-4084__p1var-e_p2var-b_,4.8
8/6/2018 12:00:00 AM,637304,_pb-b1_cp-335315496_ag-1208363473991281_dv-m_kw-kwd-75522855765900:loc-4096__p1var-e_p2var-b_,4.8
8/6/2018 12:00:00 AM,637304,_pb-b1_cp-335315496_ag-1208363473991281_dv-m_kw-kwd-75522855765900:loc-4126__p1var-e_p2var-b_,5.152
8/6/2018 12:00:00 AM,637304,_pb-b1_cp-335315499_ag-1207263962524992_dv-m_kw-kwd-75454136147266:loc-4126__p1var-e_p2var-b_,2
8/6/2018 12:00:00 AM,637304,_pb-b1_cp-335315499_ag-1207263962524992_dv-m_kw-kwd-75454136147283:loc-59981__p1var-e_p2var-b_,3.2
8/6/2018 12:00:00 AM,637304,_pb-b1_cp-335315499_ag-1208363473991345_dv-m_kw-kwd-75522855766437:loc-4084__p1var-e_p2var-b_,4.4
8/6/2018 12:00:00 AM,637304,_pb-g1_cp-1401083889_ag-58910146967_dv-c_ap-1t4_kw-kwd-351026901593__p1var-e_p2var-b_,0
8/6/2018 12:00:00 AM,637304,_pb-g1_cp-1406060569_ag-56898658033_dv-m_ap-1t2_kw-kwd-389914052102__p1var-e_p2var-b_,0
8/6/2018 12:00:00 AM,637314,_pb-b1_cp-335315489_ag-1207263962524944_dv-c_kw-kwd-75454136146493:loc-59981__p1var-e_p2var-b_,0
8/6/2018 12:00:00 AM,637314,_pb-b1_cp-335315489_ag-1207263962524944_dv-c_kw-kwd-75454136146510:loc-4126__p1var-e_p2var-b_,0
8/6/2018 12:00:00 AM,637314,_pb-b1_cp-335315499_ag-1222657125458798_dv-m_kw-kwd-76416208854443:loc-190__p1var-e_p2var-b_,9.6
8/6/2018 12:00:00 AM,637314,_pb-b1_cp-335315499_ag-1222657125458798_dv-m_kw-kwd-76416208854443:loc-4096__p1var-e_p2var-b_,4
8/6/2018 12:00:00 AM,637314,_pb-b1_cp-335315499_ag-1222657125458798_dv-m_kw-kwd-76416208854443:loc-4101__p1var-e_p2var-b_,0
8/6/2018 12:00:00 AM,637314,_pb-b1_cp-335315499_ag-1222657125458798_dv-m_kw-kwd-76416208854443:loc-4109__p1var-e_p2var-b_,0
8/6/2018 12:00:00 AM,637314,_pb-b1_cp-335315499_ag-1222657125458798_dv-m_kw-kwd-76416208854443:loc-4133__p1var-e_p2var-b_,0
8/6/2018 12:00:00 AM,637314,_pb-b1_cp-335315499_ag-1222657125458798_dv-m_kw-kwd-76416208854443:loc-59981__p1var-e_p2var-b_,0
8/6/2018 12:00:00 AM,637314,_pb-b1_cp-335315499_ag-1222657125458798_dv-m_kw-kwd-76416208854444:loc-59981__p1var-e_p2var-b_,4.4
8/6/2018 12:00:00 AM,637314,_pb-b1_cp-335315499_ag-1222657125458798_dv-m_kw-kwd-76416208854455:loc-190__p1var-e_p2var-b_,0
8/6/2018 12:00:00 AM,637314,_pb-b1_cp-335315499_ag-1222657125458798_dv-m_kw-kwd-76416208854455:loc-59981__p1var-e_p2var-b_,0
8/6/2018 12:00:00 AM,637314,_pb-b1_cp-335315499_ag-1222657125458798_dv-m_kw-kwd-76416208854457:loc-59981__p1var-e_p2var-b_,2
8/6/2018 12:00:00 AM,640235,_pb-b1_cp-335285390_ag-1211661998404036_dv-m__kw-kwd-75729009693077:loc-4088__p1var-i_p2var-b_,0
8/6/2018 12:00:00 AM,640235,_pb-b1_cp-335285392_ag-1217159556394777_dv-m__kw-kwd-76072607224666:loc-4083__p1var-h_p2var-b_,2.8644
8/6/2018 12:00:00 AM,640235,_pb-b1_cp-335285393_ag-1213861021635126_dv-m__kw-kwd-75866448783320:loc-4115__p1var-h_p2var-b_,0
8/6/2018 12:00:00 AM,640235,_pb-b1_cp-335285394_ag-1209462974855714_dv-m__kw-kwd-75591570843631:loc-4098__p1var-i_p2var-b_,0
8/6/2018 12:00:00 AM,640235,_pb-b1_cp-335285396_ag-1209462974855730_dv-m__kw-kwd-75591570843765:loc-4126__p1var-h_p2var-b_,6.2682
8/6/2018 12:00:00 AM,640235,_pb-b1_cp-335285401_ag-1219358579821275_dv-m__kw-kwd-76210045544196:loc-4084__p1var-h_p2var-b_,2.8644
8/6/2018 12:00:00 AM,640235,_pb-g1_cp-1368103409_ag-53463727086_dv-m_ap-1t2_kw-kwd-307468697481__p1var-h_p2var-b_,1.6554
8/6/2018 12:00:00 AM,640235,_pb-g1_cp-1368103409_ag-53463727086_dv-m_ap-1t4_kw-kwd-307164755923__p1var-h_p2var-b_,1.7763
8/6/2018 12:00:00 AM,640235,_pb-g1_cp-1368103409_ag-53463727086_dv-m_ap-1t4_kw-kwd-307468697481__p1var-h_p2var-b_,5.859
8/6/2018 12:00:00 AM,640235,_pb-g1_cp-1368103886_ag-53463729046_dv-m_ap-1t2_kw-kwd-442694794944__p1var-h_p2var-b_,9.3651
8/6/2018 12:00:00 AM,640235,_pb-g1_cp-1368103886_ag-53463729046_dv-m_ap-1t4_kw-kwd-306250697899__p1var-h_p2var-b_,1.1904
8/6/2018 12:00:00 AM,640235,_pb-g1_cp-1368304060_ag-52124406862_dv-m_ap-1t4_kw-kwd-466123648554__p1var-h_p2var-b_,5.3568
8/6/2018 12:00:00 AM,640235,_pb-g1_cp-1368304252_ag-54704519436_dv-m_ap-1o3_kw-kwd-306259264459__p1var-h_p2var-b_,0.9951
8/6/2018 12:00:00 AM,640235,_pb-g1_cp-1368304483_ag-57183840600_dv-m_ap-1t2_kw-kwd-305215038902__p1var-i_p2var-b_,1.2927
8/6/2018 12:00:00 AM,640235,_pb-g1_cp-1368304483_ag-57387446089_dv-m_ap-1o1_kw-kwd-365106676689__p1var-i_p2var-b_,1.6926
8/6/2018 12:00:00 AM,640235,_pb-g1_cp-1368567336_ag-52124404742_dv-m_ap-1t3_kw-kwd-442694801504__p1var-i_p2var-b_,0
8/6/2018 12:00:00 AM,640235,_pb-g1_cp-1368567483_ag-57474088794_dv-m_ap-1t2_kw-kwd-441921069322__p1var-i_p2var-b_,1.7763
8/6/2018 12:00:00 AM,640235,_pb-g1_cp-1368567516_ag-53314513383_dv-m_ap-1t3_kw-kwd-441921057722__p1var-h_p2var-b_,0
8/6/2018 12:00:00 AM,640235,_pb-g1_cp-1368567519_ag-52124404542_dv-m_ap-1t1_kw-kwd-442694810624__p1var-i_p2var-b_,0
8/6/2018 12:00:00 AM,640235,_pb-g1_cp-1368567519_ag-52124404542_dv-m_ap-1t4_kw-kwd-442694802944__p1var-i_p2var-b_,1.1625
8/6/2018 12:00:00 AM,640235,_pb-g1_cp-1368567597_ag-57387447249_dv-m_ap-1t3_kw-kwd-465015413484__p1var-h_p2var-b_,0
8/6/2018 12:00:00 AM,640236,_pb-b1_cp-335285378_ag-1209462974855762_dv-c__kw-kwd-75591571087008:loc-4126__p1var-h_p2var-b_,15.5589
8/6/2018 12:00:00 AM,640236,_pb-b1_cp-335285379_ag-1222657114848094_dv-c__kw-kwd-76416204071472:loc-4084__p1var-h_p2var-b_,0
8/6/2018 12:00:00 AM,640236,_pb-b1_cp-335285380_ag-1220458091123548_dv-c__kw-kwd-76278766453035:loc-4102__p1var-h_p2var-b_,0
8/6/2018 12:00:00 AM,640236,_pb-b1_cp-335285380_ag-1220458091123548_dv-c__kw-kwd-76278766453054:loc-4090__p1var-h_p2var-b_,10.9368
8/6/2018 12:00:00 AM,640236,_pb-b1_cp-335285380_ag-1220458091123548_dv-c__kw-kwd-76278766453063:loc-4089__p1var-h_p2var-b_,1.86
8/6/2018 12:00:00 AM,640236,_pb-b1_cp-335285380_ag-1220458091123548_dv-c__kw-kwd-76278766453064:loc-4090__p1var-h_p2var-b_,3.6735
8/6/2018 12:00:00 AM,640236,_pb-b1_cp-335285380_ag-1220458091123548_dv-c__kw-kwd-76278766453071:loc-4105__p1var-h_p2var-b_,0
8/6/2018 12:00:00 AM,640236,_pb-b1_cp-335285380_ag-1220458091123548_dv-c__kw-kwd-76278766453071:loc-4115__p1var-h_p2var-b_,3.4503
8/6/2018 12:00:00 AM,640236,_pb-b1_cp-335285382_ag-1216060044603400_dv-c__kw-kwd-76003887409524:loc-4089__p1var-h_p2var-b_,6.1845
8/6/2018 12:00:00 AM,640236,_pb-b1_cp-335285385_ag-1209462974855746_dv-c__kw-kwd-75591571086860:loc-44579__p1var-i_p2var-b_,0
8/6/2018 12:00:00 AM,640236,_pb-b1_cp-335285386_ag-1214960532947127_dv-c__kw-kwd-75935168058200:loc-4113__p1var-h_p2var-b_,19.0836
8/6/2018 12:00:00 AM,640236,_pb-b1_cp-335285387_ag-1213861021635142_dv-c__kw-kwd-75866448513766:loc-4131__p1var-i_p2var-b_,0
8/6/2018 12:00:00 AM,640236,_pb-b1_cp-335285387_ag-1213861021635142_dv-c__kw-kwd-75866448513791:loc-4084__p1var-i_p2var-b_,14.043
8/6/2018 12:00:00 AM,640236,_pb-g1_cp-1344834416_ag-62470998228_dv-c_ap-1o3_kw-kwd-441921060602__p1var-i_p2var-b_,7.3284
8/6/2018 12:00:00 AM,640236,_pb-g1_cp-1345431075_ag-60836499104_dv-c_ap-1o1_kw-kwd-307164751083__p1var-h_p2var-b_,11.7924
8/6/2018 12:00:00 AM,640236,_pb-g1_cp-1345431075_ag-60836499104_dv-c_ap-1t1_kw-kwd-307468697481__p1var-h_p2var-b_,2.046
8/6/2018 12:00:00 AM,640236,_pb-g1_cp-1345433445_ag-57764261241_dv-c_ap-1o3_kw-kwd-436815068356__p1var-i_p2var-b_,0
8/6/2018 12:00:00 AM,640236,_pb-g1_cp-1345630945_ag-54728805500_dv-c_ap-2t3_kw-kwd-442694801664__p1var-i_p2var-b_,2.697
8/7/2018 12:00:00 AM,637304,_pb-b1_cp-335315492_ag-1211662009016164_dv-c_kw-kwd-75729014439154:loc-4126__p1var-e_p2var-b_,7.6
8/7/2018 12:00:00 AM,637304,_pb-b1_cp-335315493_ag-1223756636772639_dv-c_kw-kwd-76484928656585:loc-4111__p1var-e_p2var-b_,0
8/7/2018 12:00:00 AM,637304,_pb-b1_cp-335315494_ag-1218259078972362_dv-m_kw-kwd-76141330444286:loc-190__p1var-e_p2var-b_,4.4
8/7/2018 12:00:00 AM,637304,_pb-b1_cp-335315497_ag-1207263962524960_dv-m_kw-kwd-75454136146931:loc-59981__p1var-e_p2var-b_,0
8/7/2018 12:00:00 AM,637304,_pb-b1_cp-335315499_ag-1207263962524992_dv-m_kw-kwd-75454136147283:loc-4126__p1var-e_p2var-b_,13.52
8/7/2018 12:00:00 AM,637304,_pb-b1_cp-335315499_ag-1208363473991345_dv-m_kw-kwd-75522855766437:loc-4090__p1var-e_p2var-b_,0
8/7/2018 12:00:00 AM,637304,_pb-g1_cp-1401083889_ag-60741453968_dv-c_ap-1o3_kw-kwd-449750379497__p1var-e_p2var-b_,0
8/7/2018 12:00:00 AM,637304,_pb-g1_cp-1401083889_ag-60741453968_dv-c_ap-1t2_kw-kwd-333611271041__p1var-e_p2var-b_,0
8/7/2018 12:00:00 AM,637304,_pb-g1_cp-1406060569_ag-56898658033_dv-m_ap-1o2_kw-kwd-446983394310__p1var-e_p2var-b_,0
8/7/2018 12:00:00 AM,637304,_pb-g1_cp-1406060569_ag-56898658033_dv-m_ap-1t1_kw-kwd-447535047722__p1var-e_p2var-b_,0
8/7/2018 12:00:00 AM,637304,_pb-g1_cp-1406060569_ag-56898658033_dv-m_ap-1t2_kw-kwd-348346035782__p1var-e_p2var-b_,4
8/7/2018 12:00:00 AM,637304,_pb-g1_cp-1406060569_ag-56956603338_dv-m_ap-1t4_kw-kwd-449750371857__p1var-e_p2var-b_,0
8/7/2018 12:00:00 AM,637304,_pb-g1_cp-1406911667_ag-50908271650_dv-m_ap-1t4_kw-kwd-448333714245__p1var-i_p2var-b_,0
8/7/2018 12:00:00 AM,637314,_pb-b1_cp-335315499_ag-1222657125458798_dv-m_kw-kwd-76416208854444:loc-59981__p1var-e_p2var-b_,4.8
8/7/2018 12:00:00 AM,637314,_pb-b1_cp-335315499_ag-1222657125458798_dv-m_kw-kwd-76416208854455:loc-190__p1var-e_p2var-b_,4.8
8/7/2018 12:00:00 AM,637314,_pb-b1_cp-335315499_ag-1222657125458798_dv-m_kw-kwd-76416208854455:loc-59981__p1var-e_p2var-b_,4.8
8/7/2018 12:00:00 AM,640235,_pb-b1_cp-335285392_ag-1217159556394777_dv-m__kw-kwd-76072607224685:loc-4104__p1var-h_p2var-b_,2.9202
8/7/2018 12:00:00 AM,640235,_pb-b1_cp-335285401_ag-1219358579821275_dv-m__kw-kwd-76210045544177:loc-4123__p1var-i_p2var-b_,1.7763
8/7/2018 12:00:00 AM,640235,_pb-g1_cp-1368103409_ag-53463727086_dv-m_ap-1o1_kw-kwd-307468697481__p1var-h_p2var-b_,0
8/7/2018 12:00:00 AM,640235,_pb-g1_cp-1368103409_ag-53463727086_dv-m_ap-1t4_kw-kwd-307164751083__p1var-h_p2var-b_,3.5991
8/7/2018 12:00:00 AM,640235,_pb-g1_cp-1368103409_ag-53463727086_dv-m_ap-1t4_kw-kwd-307468697481__p1var-h_p2var-b_,0
8/7/2018 12:00:00 AM,640235,_pb-g1_cp-1368103886_ag-53463729046_dv-m_ap-1o2_kw-kwd-306250697899__p1var-h_p2var-b_,11.3832
8/7/2018 12:00:00 AM,640235,_pb-g1_cp-1368103886_ag-53463729046_dv-m_ap-1t4_kw-kwd-308697891835__p1var-h_p2var-b_,0
8/7/2018 12:00:00 AM,640235,_pb-g1_cp-1368304060_ag-52124406862_dv-m_ap-1o2_kw-kwd-466123649434__p1var-h_p2var-b_,3.5712
8/7/2018 12:00:00 AM,640235,_pb-g1_cp-1368304483_ag-57183840600_dv-m_ap-1o1_kw-kwd-323882725856__p1var-i_p2var-b_,3.7758
8/7/2018 12:00:00 AM,640235,_pb-g1_cp-1368567336_ag-52124404742_dv-m_ap-1t2_kw-kwd-442694796704__p1var-i_p2var-b_,0
8/7/2018 12:00:00 AM,640235,_pb-g1_cp-1368567483_ag-57474088794_dv-m_ap-1t4_kw-kwd-441921057962__p1var-i_p2var-b_,1.7763
8/7/2018 12:00:00 AM,640235,_pb-g1_cp-1368567519_ag-52124404542_dv-m_ap-1o1_kw-kwd-442694807224__p1var-i_p2var-b_,0
8/7/2018 12:00:00 AM,640235,_pb-g1_cp-1368567519_ag-52124404542_dv-m_ap-1t4_kw-kwd-442694807224__p1var-i_p2var-b_,2.3808
8/7/2018 12:00:00 AM,640235,_pb-g1_cp-1368567597_ag-60127486928_dv-m_ap-1t1_kw-kwd-435218210322__p1var-h_p2var-b_,1.1625
8/7/2018 12:00:00 AM,640236,_pb-b1_cp-335285379_ag-1222657114848094_dv-c__kw-kwd-76416204071522:loc-4093__p1var-h_p2var-b_,3.3201
8/7/2018 12:00:00 AM,640236,_pb-b1_cp-335285380_ag-1220458091123548_dv-c__kw-kwd-76278766453040:loc-4096__p1var-h_p2var-b_,0
8/7/2018 12:00:00 AM,640236,_pb-b1_cp-335285380_ag-1220458091123548_dv-c__kw-kwd-76278766453071:loc-4090__p1var-h_p2var-b_,27.0816
8/7/2018 12:00:00 AM,640236,_pb-b1_cp-335285380_ag-1220458091123548_dv-c__kw-kwd-76278766453071:loc-4126__p1var-h_p2var-b_,0
8/7/2018 12:00:00 AM,640236,_pb-b1_cp-335285381_ag-1219358579821243_dv-c__kw-kwd-76210045543572:loc-4120__p1var-h_p2var-b_,0
8/7/2018 12:00:00 AM,640236,_pb-b1_cp-335285381_ag-1219358579821243_dv-c__kw-kwd-76210045543971:loc-4089__p1var-i_p2var-b_,3.4968
8/7/2018 12:00:00 AM,640236,_pb-b1_cp-335285382_ag-1216060044603400_dv-c__kw-kwd-76003887409551:loc-4126__p1var-h_p2var-b_,0
8/7/2018 12:00:00 AM,640236,_pb-b1_cp-335285383_ag-1214960532947111_dv-c__kw-kwd-75935168058130:loc-4100__p1var-i_p2var-b_,1.7577
8/7/2018 12:00:00 AM,640236,_pb-b1_cp-335285386_ag-1214960532947127_dv-c__kw-kwd-75935168058205:loc-4126__p1var-h_p2var-b_,33.4428
8/7/2018 12:00:00 AM,640236,_pb-b1_cp-335285387_ag-1212761509718709_dv-c__kw-kwd-75797728769060:loc-4089__p1var-i_p2var-b_,4.5942
8/7/2018 12:00:00 AM,640236,_pb-b1_cp-335285387_ag-1213861021635142_dv-c__kw-kwd-75866448513791:loc-4089__p1var-i_p2var-b_,0
8/7/2018 12:00:00 AM,640236,_pb-g1_cp-1344834455_ag-52421189005_dv-c_ap-1o2_kw-kwd-441921059642__p1var-h_p2var-b_,8.6304
8/7/2018 12:00:00 AM,640236,_pb-g1_cp-1345431075_ag-60836499104_dv-c_ap-1o1_kw-kwd-307164751083__p1var-h_p2var-b_,0
8/7/2018 12:00:00 AM,640236,_pb-g1_cp-1345431075_ag-60836499104_dv-c_ap-1t3_kw-kwd-307164751083__p1var-h_p2var-b_,11.8575
8/7/2018 12:00:00 AM,640236,_pb-g1_cp-1345431075_ag-60836499104_dv-c_ap-1t4_kw-kwd-307164751083__p1var-h_p2var-b_,0
8/7/2018 12:00:00 AM,640236,_pb-g1_cp-1345630957_ag-56756322929_dv-c_ap-1t1_kw-kwd-442694814384__p1var-i_p2var-b_,0
8/7/2018 12:00:00 AM,640236,_pb-g1_cp-1345630957_ag-56756322929_dv-c_ap-1t2_kw-kwd-442694801504__p1var-i_p2var-b_,0
8/8/2018 12:00:00 AM,637304,_pb-b1_cp-335315488_ag-1222657125458750_dv-c_kw-kwd-76416208854200:loc-4084__p1var-e_p2var-b_,0
8/8/2018 12:00:00 AM,637304,_pb-b1_cp-335315488_ag-1222657125458750_dv-c_kw-kwd-76416208854226:loc-4099__p1var-e_p2var-b_,0
8/8/2018 12:00:00 AM,637304,_pb-b1_cp-335315490_ag-1211662009016180_dv-c_kw-kwd-75729014439164:loc-4118__p1var-e_p2var-b_,0
8/8/2018 12:00:00 AM,637304,_pb-b1_cp-335315490_ag-1212761520326981_dv-c_kw-kwd-75797733772169:loc-4126__p1var-e_p2var-b_,0
8/8/2018 12:00:00 AM,637304,_pb-b1_cp-335315490_ag-1213861032244950_dv-c_kw-kwd-75866453528071:loc-4084__p1var-e_p2var-b_,3.6
8/8/2018 12:00:00 AM,637304,_pb-b1_cp-335315493_ag-1207263962524928_dv-c_kw-kwd-75454136146344:loc-4102__p1var-i_p2var-b_,4.8
8/8/2018 12:00:00 AM,637304,_pb-b1_cp-335315493_ag-1223756636772639_dv-c_kw-kwd-76484928656585:loc-4089__p1var-i_p2var-b_,0
8/8/2018 12:00:00 AM,637304,_pb-b1_cp-335315499_ag-1208363473991345_dv-m_kw-kwd-75522855766437:loc-190__p1var-e_p2var-b_,4.32
8/8/2018 12:00:00 AM,637304,_pb-b1_cp-335315500_ag-1210562497251859_dv-m_kw-kwd-75660294695282:loc-44862__p1var-e_p2var-b_,0
8/8/2018 12:00:00 AM,637304,_pb-g1_cp-1401083889_ag-59291806950_dv-c_ap-1o2_kw-kwd-389914052302__p1var-e_p2var-b_,0
8/8/2018 12:00:00 AM,637304,_pb-g1_cp-1406058943_ag-54569622399_dv-m_ap-1t1_kw-kwd-447535034762__p1var-e_p2var-b_,0
8/8/2018 12:00:00 AM,637304,_pb-g1_cp-1406911667_ag-50908271650_dv-m_ap-1t1_kw-kwd-448333711565__p1var-e_p2var-b_,0.272
8/8/2018 12:00:00 AM,637304,unknown_p1var-i_p2var-b_,0.176
8/8/2018 12:00:00 AM,637314,_pb-b1_cp-335315499_ag-1222657125458798_dv-m_kw-kwd-76416208854427:loc-190__p1var-e_p2var-b_,4.8
8/8/2018 12:00:00 AM,637314,_pb-b1_cp-335315499_ag-1222657125458798_dv-m_kw-kwd-76416208854446:loc-4126__p1var-e_p2var-b_,0
8/8/2018 12:00:00 AM,637314,_pb-b1_cp-335315499_ag-1222657125458798_dv-m_kw-kwd-76416208854457:loc-59981__p1var-e_p2var-b_,4.8
8/8/2018 12:00:00 AM,640235,_pb-b1_cp-335285390_ag-1211661998404036_dv-m__kw-kwd-75729009693102:loc-4120__p1var-i_p2var-b_,0.2325
8/8/2018 12:00:00 AM,640235,_pb-b1_cp-335285396_ag-1208363463385825_dv-m__kw-kwd-75522850732742:loc-4098__p1var-h_p2var-b_,0.465
8/8/2018 12:00:00 AM,640235,_pb-b1_cp-335285396_ag-1209462974855730_dv-m__kw-kwd-75591570843765:loc-4117__p1var-h_p2var-b_,0
8/8/2018 12:00:00 AM,640235,_pb-b1_cp-335285399_ag-1214960532947143_dv-m__kw-kwd-75935168058267:loc-4109__p1var-h_p2var-b_,0
8/8/2018 12:00:00 AM,640235,_pb-b1_cp-335285401_ag-1218259068363754_dv-m__kw-kwd-76141325382478:loc-4089__p1var-h_p2var-b_,11.253
8/8/2018 12:00:00 AM,640235,_pb-b1_cp-335285401_ag-1218259068363754_dv-m__kw-kwd-76141325382514:loc-4113__p1var-h_p2var-b_,1.1625
8/8/2018 12:00:00 AM,640235,_pb-g1_cp-1368103409_ag-53463727086_dv-m_ap-1o1_kw-kwd-307468697481__p1var-h_p2var-b_,0
8/8/2018 12:00:00 AM,640235,_pb-g1_cp-1368103409_ag-53463727086_dv-m_ap-1t2_kw-kwd-307468696201__p1var-h_p2var-b_,0
8/8/2018 12:00:00 AM,640235,_pb-g1_cp-1368103409_ag-53463727086_dv-m_ap-1t4_kw-kwd-307164756443__p1var-h_p2var-b_,0
8/8/2018 12:00:00 AM,640235,_pb-g1_cp-1368103886_ag-53463729046_dv-m_ap-1t4_kw-kwd-306250697899__p1var-h_p2var-b_,0.9858
8/8/2018 12:00:00 AM,640235,_pb-g1_cp-1368304060_ag-52124406862_dv-m_ap-1o1_kw-kwd-441921059642__p1var-h_p2var-b_,1.7763
8/8/2018 12:00:00 AM,640235,_pb-g1_cp-1368304252_ag-54704519436_dv-m_ap-1t3_kw-kwd-442694791824__p1var-h_p2var-b_,1.1625
8/8/2018 12:00:00 AM,640235,_pb-g1_cp-1368304483_ag-57183840600_dv-m_ap-1o1_kw-kwd-305215038902__p1var-h_p2var-b_,2.1111
8/8/2018 12:00:00 AM,640235,_pb-g1_cp-1368304483_ag-57183840600_dv-m_ap-1o1_kw-kwd-435146863839__p1var-h_p2var-b_,1.7763
8/8/2018 12:00:00 AM,640235,_pb-g1_cp-1368567336_ag-52124404742_dv-m_ap-1o3_kw-kwd-333415288525__p1var-i_p2var-b_,1.7763
8/8/2018 12:00:00 AM,640235,_pb-g1_cp-1368567336_ag-52124404742_dv-m_ap-1t3_kw-kwd-442694796704__p1var-i_p2var-b_,1.7763
8/8/2018 12:00:00 AM,640235,_pb-g1_cp-1368567516_ag-53314513383_dv-m_ap-1t3_kw-kwd-441921057722__p1var-h_p2var-b_,0
8/8/2018 12:00:00 AM,640235,_pb-g1_cp-1368567519_ag-52124404542_dv-m_ap-1t4_kw-kwd-442694790904__p1var-i_p2var-b_,4.464
8/8/2018 12:00:00 AM,640235,_pb-g1_cp-1368567597_ag-60127486928_dv-m_ap-1o1_kw-kwd-435218210322__p1var-h_p2var-b_,0
8/8/2018 12:00:00 AM,640235,_pb-g1_cp-1368567597_ag-60127486928_dv-m_ap-1t1_kw-kwd-435218210322__p1var-h_p2var-b_,0
8/8/2018 12:00:00 AM,640236,_pb-b1_cp-335285374_ag-1214960532947095_dv-c__kw-kwd-75935167795611:loc-4109__p1var-i_p2var-b_,2.5575
8/8/2018 12:00:00 AM,640236,_pb-b1_cp-335285378_ag-1209462974855762_dv-c__kw-kwd-75591571086968:loc-4109__p1var-h_p2var-b_,7.7748
8/8/2018 12:00:00 AM,640236,_pb-b1_cp-335285380_ag-1220458091123548_dv-c__kw-kwd-76278766453071:loc-4117__p1var-h_p2var-b_,0
8/8/2018 12:00:00 AM,640236,_pb-b1_cp-335285380_ag-1220458091123548_dv-c__kw-kwd-76278766453071:loc-4126__p1var-h_p2var-b_,1.395
8/8/2018 12:00:00 AM,640236,_pb-b1_cp-335285380_ag-1220458091123548_dv-c__kw-kwd-76278766453071:loc-44862__p1var-h_p2var-b_,0
8/8/2018 12:00:00 AM,640236,_pb-b1_cp-335285380_ag-1220458091123548_dv-c__kw-kwd-76278766453097:loc-4080__p1var-h_p2var-b_,6.2961
8/8/2018 12:00:00 AM,640236,_pb-b1_cp-335285382_ag-1216060044603400_dv-c__kw-kwd-76003887409526:loc-4102__p1var-h_p2var-b_,0
8/8/2018 12:00:00 AM,640236,_pb-b1_cp-335285382_ag-1216060044603400_dv-c__kw-kwd-76003887409537:loc-4098__p1var-h_p2var-b_,19.809
8/8/2018 12:00:00 AM,640236,_pb-b1_cp-335285382_ag-1216060044603400_dv-c__kw-kwd-76003887409591:loc-4096__p1var-h_p2var-b_,0
8/8/2018 12:00:00 AM,640236,_pb-b1_cp-335285386_ag-1214960532947127_dv-c__kw-kwd-75935168058208:loc-4081__p1var-h_p2var-b_,0
8/8/2018 12:00:00 AM,640236,_pb-b1_cp-335285387_ag-1211661998404020_dv-c__kw-kwd-75729009436876:loc-4089__p1var-h_p2var-b_,1.86
8/8/2018 12:00:00 AM,640236,_pb-g1_cp-1344834455_ag-52421189005_dv-c_ap-1t4_kw-kwd-441921059642__p1var-h_p2var-b_,0
8/8/2018 12:00:00 AM,640236,_pb-g1_cp-1345431075_ag-60836499104_dv-c_ap-1t4_kw-kwd-307164751083__p1var-h_p2var-b_,8.9466
8/8/2018 12:00:00 AM,640236,_pb-g1_cp-1345431075_ag-60836499104_dv-c_ap-1t4_kw-kwd-307468697481__p1var-h_p2var-b_,0
8/8/2018 12:00:00 AM,640236,_pb-g1_cp-1345431489_ag-53417914989_dv-c_ap-1o2_kw-kwd-442694791824__p1var-h_p2var-b_,18.6
8/8/2018 12:00:00 AM,640236,_pb-g1_cp-1345433445_ag-52418525405_dv-c_ap-1t5_kw-kwd-366043798925__p1var-i_p2var-b_,0
